id,user_id,recipient_id,content,is_message,post_time,visible
1,667,438,Bolander's Mock Dandelion,true,10/11/2023 20:16,false
2,71,123,Carolina Azalea,false,12/20/2023 21:57,true
3,496,96,Biatora Lichen,true,12/20/2023 21:49,true
4,609,641,Hetch Hetchy Monkeyflower,true,07/16/2023 23:32,true
5,844,339,Carolina Geranium,true,09/26/2023 20:53,true
6,224,652,Smooth Woodyaster,true,07/27/2023 22:12,false
7,35,57,Santa Barbara Ceanothus,true,12/03/2023 21:30,true
8,988,357,Siskiyou Mariposa Lily,true,08/25/2023 21:42,false
9,105,969,Lemmon's Rubberweed,true,11/30/2023 23:09,false
10,950,296,Wild Chives,false,02/28/2023 22:02,false
11,816,849,Ekaha,true,10/30/2023 21:30,true
12,441,149,Warnstorfia Moss,false,12/17/2023 20:21,true
13,455,647,Skin Lichen,false,12/05/2023 23:32,false
14,321,223,Navel Lichen,false,03/30/2023 22:39,false
15,836,949,Spreading Buckwheat,true,07/20/2023 22:06,false
16,383,720,Leadville Milkvetch,true,12/31/2023 20:14,false
17,866,86,Arkansas Dozedaisy,true,03/31/2023 21:10,true
18,180,64,Trachyxiphium Moss,false,09/02/2023 20:27,true
19,376,297,Gloxinia,false,11/28/2023 21:34,true
20,973,546,Nez Perce Mariposa Lily,true,11/03/2023 23:15,false
21,275,162,Melaspilea Lichen,false,12/30/2023 21:35,true
22,482,20,Gold-of-pleasure,false,04/19/2023 20:39,false
23,886,410,Wholeleaf Rosinweed,false,12/24/2023 22:38,true
24,464,425,Beechfern,true,09/30/2023 23:32,true
25,35,237,Louisiana Yelloweyed Grass,true,12/01/2023 21:53,false
26,829,151,Roccellina Lichen,false,07/30/2023 21:46,true
27,494,176,Carolina Birds-in-a-nest,true,03/30/2023 23:05,true
28,546,610,Prayerplant,true,11/19/2023 22:22,true
29,268,733,Narrow Plumegrass,false,12/04/2023 20:14,true
30,195,498,Buckwheat,true,02/24/2023 22:34,false
31,382,117,San Antonio Bluestar,false,11/16/2023 21:46,false
32,733,886,Catclaw Acacia,false,12/30/2023 21:47,true
33,990,984,Pointtip Twinpod,true,09/03/2023 23:24,true
34,96,483,Fourwing Saltbush,true,08/28/2023 20:50,true
35,747,489,Aulaxina Lichen,true,04/31/2023 20:13,true
36,931,28,Felt Lichen,true,12/30/2023 21:35,true
37,932,945,Freckled Milkvetch,false,08/17/2023 23:44,false
38,214,334,Northern Moonwort,false,01/15/2023 21:26,true
39,808,214,Alderleaf Mountain Mahogany,true,12/26/2023 20:31,true
40,214,982,Sitka Sedge,true,04/01/2023 21:14,true
41,303,953,Canoe Milkvetch,true,05/05/2023 21:16,false
42,370,98,European Cinquefoil,false,10/24/2023 21:24,false
43,762,546,Crenulate Rhabdoweisia Moss,true,09/07/2023 22:01,false
44,227,767,Golden Hala Pepe,true,10/25/2023 23:03,false
45,532,88,Pillwort,true,10/02/2023 23:10,false
46,382,931,Cloudswept Colicwood,true,05/26/2023 23:26,false
47,865,693,Common Milkwort,false,11/21/2023 20:18,true
48,798,646,Kay's Grama,true,10/12/2023 20:05,false
49,694,880,Bigseed Alfalfa Dodder,false,04/06/2023 23:42,true
50,367,141,Arctic Raspberry,false,04/28/2023 21:02,true
51,218,619,Dudweed,false,12/23/2023 22:48,false
52,310,216,Rinodina Lichen,true,12/31/2023 22:11,false
53,574,608,Tundra Fescue,true,11/31/2023 22:23,true
54,415,726,Dot Lichen,true,02/30/2023 22:47,true
55,215,570,Tundra Wildrye,false,10/25/2023 21:58,false
56,698,33,Blue Fenugreek,false,05/19/2023 22:56,false
57,980,107,Larkspurleaf Monkshood,true,12/21/2023 23:43,true
58,704,409,Butterfly Violet,false,12/28/2023 23:53,false
59,928,43,Deerberry,true,11/06/2023 22:59,false
60,760,655,California Poppy,true,12/02/2023 22:00,true
61,117,835,Twin Arnica,false,03/30/2023 21:56,true
62,448,94,Dot Lichen,false,10/12/2023 21:19,false
63,713,897,Wiggins' Cryptantha,true,08/30/2023 20:56,false
64,573,571,Saffron-flowered Lupine,false,10/31/2023 21:11,false
65,215,578,Idaho Biscuitroot,true,11/18/2023 21:00,false
66,382,462,Davidson's Penstemon,true,07/30/2023 22:41,false
67,971,659,Pacific Reedgrass,true,12/31/2023 23:02,false
68,695,925,Sandbox Tree,false,06/16/2023 23:32,true
69,488,304,Callicladium Moss,true,02/17/2023 22:57,true
70,672,134,Leiberg's Phacelia,true,11/28/2023 22:58,true
71,692,107,White Snakeroot,false,12/09/2023 22:39,true
72,70,200,Hairtip Clubmoss,true,05/02/2023 21:25,true
73,385,304,San Gabriel Bluecup,false,10/03/2023 21:26,false
74,8,223,Fragrant Buttonsage,true,10/30/2023 20:17,false
75,723,712,Abert's Buckwheat,true,10/31/2023 22:38,false
76,371,278,Hillebrand's Phyllostegia,false,10/07/2023 23:29,false
77,795,918,California Sandaster,true,11/15/2023 20:15,false
78,84,492,Meadow Bistort,true,03/17/2023 22:53,false
79,423,167,Florida Orangegrass,true,07/17/2023 20:38,false
80,455,988,Bearded Cryptantha,false,04/06/2023 22:05,false
81,105,676,Maryland Milkwort,true,02/30/2023 20:17,false
82,783,48,Argentinian Quila,true,07/17/2023 21:33,false
83,555,612,Autumn Coralroot,true,11/30/2023 20:49,false
84,714,796,Garrett's Firechalice,true,11/30/2023 20:54,true
85,212,532,Pincushion,false,09/27/2023 22:26,false
86,534,562,Honeysuckle,false,11/30/2023 23:35,false
87,564,183,Wetherill's Cryptantha,false,11/08/2023 20:24,false
88,593,845,Betel Pepper,false,01/31/2023 20:24,true
89,203,239,Intermediate Orange Lichen,false,10/21/2023 22:31,true
90,224,132,Heartleaf Hempvine,false,10/19/2023 22:52,true
91,302,487,Callingcard Vine,false,12/06/2023 20:02,false
92,68,737,Neglected Balsamroot,false,12/30/2023 23:12,true
93,547,823,Anthracothecium Lichen,false,01/18/2023 20:57,false
94,683,750,Boreal Catchfly,true,10/25/2023 23:00,true
95,710,314,Orange Lichen,true,04/31/2023 22:09,false
96,303,786,Saturn Skin Lichen,true,10/15/2023 20:29,false
97,151,601,Winged Sumac,false,11/30/2023 23:16,true
98,254,398,Goldencarpet Buckwheat,false,03/31/2023 22:07,true
99,572,58,Red Pine,false,12/21/2023 22:41,false
100,399,272,Drumheads,false,05/17/2023 21:02,false
101,126,554,Zion Draba,false,10/20/2023 20:39,false
102,86,605,Little Western Bittercress,true,08/24/2023 20:04,false
103,311,583,Jelly Lichen,false,06/27/2023 21:40,true
104,170,842,Swordbush,true,03/15/2023 23:38,false
105,753,781,Darmera,false,10/01/2023 22:12,true
106,698,45,Sticky Sandspurry,false,11/06/2023 21:16,false
107,84,489,Webber's Milkvetch,true,01/30/2023 22:20,false
108,298,30,Purple Gaymallow,false,04/02/2023 23:20,true
109,206,195,Southern Sedge,true,11/10/2023 21:40,false
110,961,572,Knowlton's Miniature Cactus,true,06/03/2023 22:42,false
111,195,135,Spotted St. Johnswort,true,05/01/2023 21:19,true
112,154,631,Two-leaf Vetch,true,04/27/2023 21:26,true
113,18,205,Virginia Groundcherry,false,12/29/2023 21:01,false
114,410,149,Nesaea,false,06/31/2023 22:56,false
115,204,910,Plains Gumweed,true,10/04/2023 23:37,true
116,444,623,Bluewitch Nightshade,false,12/31/2023 23:20,true
117,97,143,Vezdaea Lichen,false,07/05/2023 23:20,false
118,52,517,Fewleaf Sunflower,false,08/11/2023 22:12,true
119,819,778,King's Angelica,true,11/17/2023 22:43,false
120,614,865,Ovate Marsh Fern,true,12/10/2023 23:52,true
121,851,574,Bog Rush,true,04/03/2023 23:18,true
122,387,152,Swamp Azalea,false,02/27/2023 20:07,false
123,100,767,Miterwort,false,07/30/2023 23:17,true
124,552,478,Oakleaf Garden Geranium,false,06/26/2023 22:10,true
125,402,408,Botão-de-ouro,true,10/07/2023 23:51,true
126,110,921,Florida False Beardgrass,true,04/20/2023 23:41,false
127,683,683,Jungermann's Orange Lichen,true,10/15/2023 23:03,true
128,164,35,Annual Wildrice,true,09/01/2023 21:51,false
129,72,603,Salty Popcornflower,true,03/19/2023 23:00,true
130,598,630,Searocket,true,01/09/2023 20:36,true
131,418,180,Indian Toothcup,false,12/03/2023 23:54,false
132,545,207,Snow Grass,true,07/02/2023 22:34,true
133,845,305,Watson's Buckwheat,false,09/31/2023 20:04,true
134,183,227,Sauco,false,06/10/2023 22:47,false
135,45,663,Creeping Nicker,true,10/26/2023 23:51,true
136,59,910,Creeping Blueberry,true,04/13/2023 20:50,true
137,859,902,Coville's Mule-ears,false,04/14/2023 23:13,true
138,447,419,Rosarypea,true,12/21/2023 21:59,false
139,278,354,Chihuahuan Fishhook Cactus,false,08/09/2023 21:08,false
140,158,108,Lanceleaf Grapefern,true,10/11/2023 23:58,true
141,934,313,Black Nightshade,true,11/04/2023 21:23,false
142,588,969,Boundary Peak Rockcress,false,12/26/2023 22:59,false
143,702,552,Slenderleaf Clammyweed,true,11/31/2023 20:50,true
144,675,270,Waxy Checkerbloom,false,10/31/2023 23:39,true
145,107,1000,Henderson's Sedge,true,12/29/2023 22:35,false
146,864,747,Beefsteakplant,true,11/31/2023 22:09,true
147,646,334,Ochaol,true,04/07/2023 20:40,true
148,351,197,European Fan Palm,true,12/20/2023 21:59,true
149,557,361,Sulphur-flower Buckwheat,true,11/15/2023 21:33,true
150,77,814,Boykin's Milkwort,false,09/09/2023 22:21,false
151,129,893,Lake Powell Fleabane,false,12/05/2023 23:44,false
152,273,185,Kentucky Coffeetree,true,09/21/2023 20:24,false
153,190,196,Landolphia Rubber,true,02/30/2023 21:55,true
154,11,919,San Mateo Tree Lupine,false,10/08/2023 21:46,false
155,950,820,Showy Alpine Ragwort,false,08/21/2023 21:18,false
156,542,843,Apple Blossom,false,11/24/2023 20:23,false
157,504,899,Echinoplaca Lichen,true,11/17/2023 20:19,false
158,537,339,Hybrid Oak,true,12/02/2023 20:20,true
159,808,684,Blunt Tansymustard,false,05/30/2023 22:34,false
160,351,57,Palustriella Moss,false,09/14/2023 21:21,false
161,634,426,Gila Rockdaisy,true,12/04/2023 23:20,false
162,992,17,Tuffybells,true,09/22/2023 20:45,false
163,9,453,Antilles Lacebark,true,03/14/2023 20:41,false
164,568,932,Trailing Windmills,true,04/31/2023 23:28,true
165,998,965,Addersmeat,true,08/29/2023 20:53,false
166,759,468,Lecythis,false,10/30/2023 21:45,true
167,154,763,Australian Cheesewood,false,12/22/2023 21:38,false
168,644,118,Wart Lichen,false,10/11/2023 20:23,true
169,777,447,Velvet Phyllostegia,false,04/06/2023 23:20,true
170,837,225,Turpin's Sandmat,false,12/28/2023 23:11,true
171,947,459,Porter's Reedgrass,false,03/11/2023 21:07,false
172,697,111,Thompson's Clover,false,12/31/2023 21:16,true
173,824,98,Dallisgrass,true,10/06/2023 22:36,false
174,867,74,Lanai Panicgrass,false,11/05/2023 20:40,false
175,509,313,Narrowleaf Knotweed,false,11/28/2023 21:25,true
176,601,384,Lessingia,true,09/14/2023 20:21,false
177,37,735,Kingdevil,false,02/04/2023 20:32,true
178,349,346,Nicaraguan Fountaingrass,false,09/08/2023 21:28,false
179,558,198,Curtis' Disc Lichen,false,11/10/2023 22:00,true
180,546,61,Coastal Plain Joe Pye Weed,true,08/05/2023 23:43,true
181,875,110,Dwarf Rose,false,02/07/2023 22:07,true
182,76,420,Sand Pygmyweed,true,12/31/2023 22:10,true
183,262,937,Snowparsley,false,11/30/2023 21:43,false
184,238,945,Pinaleno Mountain Rubberweed,true,08/24/2023 20:46,false
185,142,118,Antidote Caccoon,true,12/16/2023 22:00,true
186,181,793,Big Bend Beardtongue,true,01/17/2023 21:07,true
187,747,156,Seaside Disc Lichen,false,11/20/2023 21:22,true
188,508,85,Purple Cushion Fleabane,true,12/16/2023 20:50,false
189,954,600,Southeastern Annual Saltmarsh Aster,true,11/28/2023 22:59,false
190,974,790,Bigfruit Evening Primrose,true,02/30/2023 21:09,true
191,753,664,Sphagnum,true,01/31/2023 23:37,true
192,771,410,Peppermint Drop Lichen,false,12/19/2023 22:09,true
193,231,473,Henry Indian Paintbrush,true,07/14/2023 20:22,false
194,193,512,Chinese Rhubarb,true,06/17/2023 22:05,false
195,611,712,Spontaneous Barley,false,04/20/2023 21:20,false
196,574,466,Tidestrom's Lupine,true,02/30/2023 20:16,true
197,748,932,Tangelo,true,12/02/2023 22:35,true
198,295,461,Field Locoweed,false,07/24/2023 23:29,true
199,564,311,Loomis' Mountainmint,true,10/03/2023 22:22,true
200,67,2,Laurel Espada,true,12/26/2023 21:39,false
201,499,843,Mexican Passionflower,true,07/05/2023 22:42,true
202,924,930,Hairy Corkwood,false,12/27/2023 22:24,true
203,848,834,Chapman's Yelloweyed Grass,true,12/30/2023 23:10,false
204,691,780,Minerslettuce,false,12/31/2023 23:41,true
205,61,787,Shrubby Brickellbush,false,12/03/2023 21:44,true
206,261,203,Milkwood,true,01/30/2023 22:33,true
207,824,745,Whitehair Goldenrod,true,08/27/2023 23:45,false
208,302,204,Jones' Springparsley,true,12/15/2023 21:35,false
209,52,801,Monnina,true,10/27/2023 20:16,true
210,757,373,Texas Fluffgrass,true,10/21/2023 21:01,false
211,793,531,Littleleaf Alumroot,false,12/26/2023 23:35,true
212,618,544,Quillwort,true,08/01/2023 23:41,false
213,447,425,Smallcane,true,11/14/2023 23:56,true
214,597,113,Short's Hedgehyssop,false,08/28/2023 22:31,false
215,593,140,Threeblossom Lidflower,true,12/31/2023 20:17,false
216,651,275,Koolau Range Melicope,false,12/01/2023 22:18,true
217,28,871,Carey's Smartweed,false,01/08/2023 22:22,true
218,995,741,Triploid Fern,false,11/24/2023 20:40,false
219,643,529,Pop Saltbush,true,04/19/2023 23:32,true
220,635,126,Mancos Shale Packera,false,11/30/2023 20:49,false
221,365,163,Plainsdaisy,false,12/07/2023 23:03,true
222,46,272,Luzon Jelly Lichen,false,10/16/2023 21:09,true
223,808,948,Trans-pecos Beeblossom,true,10/31/2023 22:03,false
224,412,175,Spreading Dewberry,false,08/02/2023 23:07,false
225,167,336,Brownish Sedge,true,01/13/2023 21:55,true
226,873,789,Wingcup,false,07/03/2023 22:30,false
227,848,917,Flodman's Thistle,false,11/18/2023 21:53,true
228,30,72,Rimmed Lichen,true,08/31/2023 22:48,true
229,270,861,Great Blue Lobelia,false,12/11/2023 21:55,false
230,276,319,Wild Indigo,false,02/21/2023 21:35,false
231,393,659,Indian Woodoats,true,10/16/2023 22:06,true
232,560,227,Low Baby's-breath,false,11/25/2023 22:09,true
233,169,481,American Long-leaved Bamboo,true,07/31/2023 22:58,false
234,628,858,Wingstem Camphorweed,false,12/23/2023 20:10,false
235,399,169,Common Woolly Sunflower,false,11/14/2023 23:26,true
236,793,395,Japanese Primrose,true,10/03/2023 23:52,true
237,682,229,Giant Kokee Cyanea,false,12/26/2023 22:00,true
238,840,579,Feathershank,false,11/31/2023 20:21,true
239,747,18,Aspen Fleabane,true,10/02/2023 21:47,true
240,88,498,Sensitive Jointvetch,true,10/04/2023 22:00,true
241,77,16,Fragile Pygmydaisy,false,11/30/2023 20:09,true
242,630,883,Bog Goldenrod,false,10/19/2023 23:35,true
243,294,334,Green Rockcress,true,03/25/2023 22:29,true
244,768,297,Lung Lichen,true,03/09/2023 21:07,true
245,599,735,Pricklybush,false,12/31/2023 21:20,true
246,531,349,Kentucky Bluegrass,true,11/12/2023 23:49,true
247,920,819,Bailey's Greasewood,false,12/22/2023 23:00,false
248,820,792,Whiteflower Goldenbush,false,11/31/2023 20:03,true
249,120,310,Colorado Four O'clock,false,05/30/2023 23:50,true
250,333,288,Cohitre Blanco,false,10/14/2023 23:32,true
251,230,814,Desert Pepperweed,false,03/31/2023 21:18,false
252,155,235,Ravenia,false,11/03/2023 21:37,false
253,498,307,Robusta Coffee,false,10/04/2023 22:36,false
254,937,503,Garden Sorrel,true,05/11/2023 22:33,false
255,59,346,Chloracantha,false,11/06/2023 20:12,false
256,972,347,Fries' Pussytoes,false,07/31/2023 20:02,false
257,348,843,Smooththroat Stoneseed,false,10/25/2023 23:00,true
258,371,272,Mann's Cucumeropsis,false,01/23/2023 22:16,true
259,375,206,Muller Oak,true,09/30/2023 21:31,true
260,846,466,Wand Riverhemp,true,11/27/2023 21:17,true
261,57,563,Common Hoptree,true,10/23/2023 22:45,false
262,867,705,Spiny Hopsage,false,11/03/2023 23:19,true
263,795,308,Dissected Rockdaisy,true,09/31/2023 21:46,false
264,482,473,South American Saltbush,false,03/19/2023 20:57,true
265,297,996,Cup Lichen,false,10/30/2023 23:35,true
266,756,337,Waterfall False Buttercup,true,11/12/2023 23:39,true
267,826,276,Hairy Crabgrass,false,10/11/2023 20:26,false
268,714,333,Harmal Peganum,true,12/11/2023 23:48,true
269,571,164,Tropical Dropseed,false,07/20/2023 22:05,false
270,164,625,Forked Nailwort,true,03/30/2023 22:28,false
271,972,170,Fivebract Chinchweed,false,12/12/2023 20:24,true
272,326,753,Southern Swamp Aster,true,12/07/2023 20:18,false
273,812,122,Gibbens' Beardtongue,true,01/15/2023 20:44,false
274,56,181,Texas Madeiravine,true,11/10/2023 20:39,false
275,871,680,Starbur,true,10/26/2023 23:58,true
276,596,383,Mohr's Thoroughwort,false,02/23/2023 21:46,true
277,633,106,Sipe's Kidney Lichen,false,10/18/2023 22:23,true
278,214,14,Oakland Mariposa Lily,false,08/17/2023 20:52,true
279,978,247,White Eucalyptus,false,11/26/2023 21:09,false
280,172,58,Rim Lichen,true,06/10/2023 23:41,true
281,824,96,Virginia Bunchflower,true,09/07/2023 23:59,true
282,276,128,Toothed Owl's-clover,true,10/05/2023 20:41,true
283,859,175,Tequila Agave,true,10/31/2023 21:08,false
284,486,305,Common Threadplant,true,11/12/2023 22:14,false
285,885,468,Peppervine,true,11/30/2023 20:24,true
286,904,767,Pale Desert-thorn,false,11/05/2023 23:16,false
287,960,430,Low Bladderpod,true,11/05/2023 22:33,true
288,935,51,Pale Grasspink,false,02/12/2023 23:52,false
289,977,429,Hybrid False Oat,false,07/31/2023 22:55,true
290,725,231,American Strigula Lichen,false,01/18/2023 22:59,true
291,457,366,Showy Whitetop,false,03/30/2023 20:31,true
292,962,265,Obovate Beakgrain,false,11/07/2023 21:42,false
293,425,363,Bearded Popcornflower,true,12/01/2023 22:20,true
294,583,962,Lacebark,false,09/30/2023 20:05,true
295,625,998,Flynn's Pritchardia,true,01/30/2023 23:53,true
296,671,626,Rimmed Lichen,true,10/08/2023 23:14,true
297,322,191,Pickerelweed,false,07/15/2023 23:08,true
298,692,531,Velvet Bean,true,04/15/2023 23:10,true
299,996,15,Yellow Marsh Saxifrage,false,11/23/2023 21:31,true
300,639,873,Sequoia False Goldenaster,true,08/31/2023 21:43,false
301,311,493,Hairy Rupturewort,true,08/30/2023 21:11,false
302,293,228,Seacliff Beggarticks,false,12/28/2023 21:32,true
303,523,528,Poorjoe,false,07/27/2023 23:28,true
304,157,701,Hollyfern,false,09/18/2023 20:25,false
305,589,446,Wedgeleaf Primrose,false,12/31/2023 23:11,true
306,421,558,Victoria's Owl-clover,true,12/31/2023 23:06,false
307,676,531,Georgia Tickseed,true,11/16/2023 21:17,false
308,582,658,Slender Monkeyflower,true,02/30/2023 23:01,false
309,122,982,Roman Chamomile,false,04/02/2023 20:43,true
310,543,743,Williams' Hawthorn,false,12/04/2023 20:33,false
311,822,87,Beach Sand Verbena,false,12/23/2023 22:08,false
312,992,220,Pigmy Cypress-pine,false,11/31/2023 23:39,true
313,572,271,Savin,false,06/03/2023 21:41,true
314,329,350,Indian Canyon Fleabane,false,01/26/2023 23:08,true
315,682,891,Greenman's Biscuitroot,true,11/27/2023 22:12,false
316,406,404,Chisos Mountain Hedgehog Cactus,false,02/13/2023 21:42,true
317,678,680,Micromitrium Moss,true,12/13/2023 20:27,false
318,580,625,Small Daylily,true,09/31/2023 20:32,false
319,981,740,Scotch Attorney,false,09/10/2023 22:23,false
320,17,614,Fuzzytongue Penstemon,true,10/31/2023 20:33,false
321,661,125,Jepson Ceanothus,true,07/31/2023 22:03,false
322,337,215,Common Blue Wood Aster,false,03/19/2023 21:22,false
323,81,524,Wingpetal,true,05/08/2023 22:54,true
324,103,397,Yellow Virginia Springbeauty,false,06/10/2023 23:31,false
325,745,840,Northern Fescue,true,09/31/2023 22:59,true
326,955,306,Arizona False Goldenaster,false,05/08/2023 22:54,true
327,553,49,Gyalidea Lichen,false,09/26/2023 23:22,false
328,288,563,Siberian Larkspur,true,09/09/2023 22:33,false
329,277,54,Spoon Pondweed,true,10/08/2023 22:14,false
330,905,629,New England Sedge,true,12/31/2023 23:15,true
331,217,90,Chilean Bird's-foot Trefoil,false,10/31/2023 22:09,false
332,323,608,Yellow Bloodstain Lichen,true,12/27/2023 23:28,false
333,485,698,Hypoderris,false,06/14/2023 23:53,false
334,50,858,Lemmon's Needlegrass,false,05/31/2023 20:33,true
335,719,661,Southern Alpine Buckwheat,true,09/31/2023 23:18,false
336,43,547,Virginia Glasswort,true,10/07/2023 22:11,true
337,461,594,Chaenothecopsis Lichen,false,10/25/2023 23:17,true
338,197,537,Lemmon's Snakeroot,true,11/24/2023 22:58,true
339,677,735,Sundew,false,02/13/2023 20:14,true
340,868,637,Darkred Onion,false,12/01/2023 22:48,true
341,482,352,Bluethread,false,02/30/2023 22:52,true
342,202,460,Waxy Bedstraw,true,10/08/2023 20:56,false
343,465,571,Heartleaf Spikemoss,true,11/29/2023 21:56,true
344,973,300,Margarett's Myrcia,true,10/05/2023 22:06,true
345,259,423,Slenderpetal Thelypody,true,11/06/2023 21:53,false
346,323,658,Berlandier's Yellow Flax,true,11/31/2023 20:10,false
347,816,71,Desert Ceanothus,false,06/20/2023 21:19,false
348,842,501,Thurber's Sedge,false,09/30/2023 22:51,false
349,768,227,Manila Grass,true,07/29/2023 21:09,true
350,847,63,Northeastern Dewberry,false,10/07/2023 22:57,false
351,560,568,Barneby's Indian Paintbrush,true,11/30/2023 23:53,false
352,582,552,Elmleaf Goldenrod,false,10/06/2023 23:15,false
353,644,845,Birch,false,03/04/2023 22:00,false
354,25,248,Skilpadbessie,false,03/19/2023 22:35,true
355,558,821,Orpine Stonecrop,true,06/05/2023 20:16,true
356,791,679,Jelly Lichen,false,10/18/2023 21:49,true
357,860,304,Alaska Bog Willow,false,07/27/2023 21:10,true
358,446,493,Fir Mistletoe,false,12/30/2023 20:53,false
359,821,265,Brazilian Bayhops,false,04/31/2023 20:24,true
360,347,461,Parry's Lipfern,true,12/06/2023 21:17,false
361,186,219,Shallow Sedge,false,11/15/2023 23:03,true
362,476,75,Barbados Lily,false,11/14/2023 23:55,true
363,492,556,Luquillo Mountain Snailwood,false,05/31/2023 21:34,true
364,408,214,Hoover's Biscuitroot,false,12/24/2023 22:41,false
365,565,712,Common Yarrow,false,10/08/2023 22:48,true
366,199,560,Longleaf Threeawn,false,08/18/2023 20:23,false
367,368,951,Swamp Saltbush,true,05/05/2023 23:10,false
368,956,585,Threadleaf Glowwort,false,10/15/2023 21:54,false
369,759,938,Shingle Flatsedge,false,02/06/2023 20:26,true
370,950,782,Bernard Violet,true,03/09/2023 23:11,true
371,980,190,Haha,true,11/28/2023 23:25,false
372,651,478,Flat-top Buckwheat,false,12/08/2023 22:58,false
373,782,69,White Fairypoppy,false,12/11/2023 22:09,true
374,215,724,San Francisco Woodland-star,false,05/11/2023 20:08,false
375,279,610,Willkommia,true,10/23/2023 20:24,true
376,758,679,Netleaf Willow,false,08/15/2023 22:37,false
377,780,388,Colorado Desert Phacelia,false,02/07/2023 22:12,true
378,471,54,Gunsight Clarkia,false,10/30/2023 22:30,true
379,656,82,Warnock's Prairie Clover,false,03/19/2023 21:00,true
380,213,493,Melanelia Lichen,false,12/02/2023 23:53,false
381,390,546,Wright's Beebrush,false,10/11/2023 21:33,false
382,269,653,Dotted Bristle Fern,true,11/27/2023 22:47,true
383,953,941,Trefoil,false,02/28/2023 23:38,false
384,529,282,Small Mountain Bittercress,true,12/28/2023 21:13,false
385,38,818,Fragile Oat,true,09/23/2023 22:07,false
386,508,407,Megalaria Lichen,false,07/08/2023 20:20,false
387,122,386,Loose Silkybent,true,12/14/2023 23:47,false
388,956,808,Dalmatian Toadflax,false,01/04/2023 23:45,true
389,311,844,Cascade Rose,false,11/10/2023 21:15,false
390,711,328,Indian Valley Brodiaea,true,11/31/2023 21:05,true
391,395,358,Piedmont Rhododendron,true,10/08/2023 20:01,true
392,393,761,Fortune Meadowsweet,false,08/30/2023 23:38,false
393,862,769,Tropical Buttonweed,true,11/31/2023 22:35,false
394,884,47,Jelly Lichen,true,08/12/2023 20:05,false
395,573,993,Herzodiella Moss,false,12/11/2023 21:00,true
396,187,915,Curvepod Milkvetch,false,11/16/2023 22:04,true
397,979,987,Swampweed,false,09/30/2023 22:30,true
398,69,375,Mountain Arnica,false,07/07/2023 21:59,true
399,719,477,Brook Wakerobin,false,10/03/2023 21:23,true
400,740,950,Skunkbush,true,10/12/2023 23:08,false
401,398,227,Encinitis False Willow,true,11/03/2023 20:08,false
402,912,435,Red Passionflower,false,11/30/2023 22:43,false
403,948,223,Eastern Featherbells,true,07/31/2023 21:51,true
404,593,598,Navajo Cinquefoil,true,03/16/2023 20:03,false
405,728,767,Actinostachys,false,10/04/2023 23:08,false
406,939,767,Mayflower,false,11/15/2023 22:18,false
407,260,699,Rough Barnyardgrass,true,12/07/2023 23:51,false
408,168,947,Mountain Sandalwood,false,02/30/2023 23:07,true
409,258,970,Tiburon Indian Paintbrush,false,12/31/2023 23:10,true
410,468,744,Calla Lily,true,11/17/2023 21:52,false
411,1001,244,Nuttall's Bladderpod,true,12/09/2023 21:22,true
412,461,234,Buxbaumia Moss,true,11/05/2023 22:44,true
413,304,182,Flexile Milkvetch,true,03/28/2023 23:52,true
414,980,123,Devil's Shoestring,false,07/24/2023 23:31,false
415,373,28,Disk Lichen,false,12/14/2023 22:46,true
416,412,502,'ohe'ohe,true,11/26/2023 23:57,false
417,786,405,Hygrohypnum Moss,true,12/30/2023 20:24,true
418,363,704,Port Huron Hawthorn,false,08/23/2023 20:49,true
419,241,778,Neglected Balsamroot,false,06/06/2023 23:14,true
420,34,680,Spearleaf Stonecrop,true,10/11/2023 21:17,false
421,528,707,Downy Phlox,false,02/30/2023 20:06,false
422,517,309,Crossidium Moss,false,04/16/2023 22:46,true
423,793,196,Pale Blue-eyed Grass,false,01/30/2023 23:29,true
424,740,495,Water Birch,false,11/16/2023 23:17,true
425,326,748,Sonoran Panicgrass,false,12/03/2023 20:38,true
426,490,295,King's Lupine,false,02/14/2023 20:55,true
427,228,498,Texas Yellowstar,true,07/15/2023 23:36,false
428,436,870,Trumpets,false,01/06/2023 22:16,true
429,605,46,Dugway Buckwheat,true,10/30/2023 23:59,false
430,498,385,Pringle's Monardella,false,07/30/2023 22:26,false
431,127,917,Pistache,true,11/01/2023 21:44,false
432,60,849,Nuttall's Linanthus,true,08/09/2023 23:36,false
433,143,473,California Seablite,false,08/30/2023 23:14,false
434,240,813,Rubber Rabbitbrush,false,04/12/2023 23:05,true
435,292,739,Snow Mountain Willowherb,true,10/14/2023 22:28,true
436,912,506,Wart Lichen,false,07/01/2023 21:57,true
437,680,34,Dot Lichen,false,12/27/2023 21:53,false
438,792,479,Yellow Rabbitbrush,false,10/29/2023 22:49,true
439,396,568,Ceylon Gooseberry,true,01/01/2023 20:00,true
440,924,590,Bull Cottonthistle,false,03/12/2023 20:13,true
441,378,928,Sweet Shaggytuft,false,10/17/2023 20:23,true
442,707,20,Flett's Ragwort,false,10/11/2023 22:02,true
443,504,917,Silverleaf Phacelia,false,12/23/2023 23:41,true
444,726,654,Grimmia Dry Rock Moss,false,08/24/2023 21:41,false
445,731,188,Turpentine Wavewing,false,08/09/2023 23:53,false
446,201,859,Mediterranean Brome,true,10/26/2023 20:25,true
447,554,10,Milkweed Milkvetch,true,10/08/2023 21:20,false
448,436,428,Utah Milkvetch,true,11/15/2023 21:13,false
449,58,752,Mt. Kahili Colicwood,true,06/03/2023 22:31,true
450,285,849,Loiseleuria,true,03/04/2023 20:05,true
451,390,686,Yellow Nightshade Groundcherry,false,10/21/2023 20:22,true
452,22,929,Sanborn's Onion,true,06/07/2023 21:50,false
453,687,872,Winged Lythrum,false,05/13/2023 22:43,true
454,49,615,Cottontree,true,12/14/2023 21:42,false
455,544,297,Yellowflower Tarweed,false,11/07/2023 22:41,false
456,474,989,European Cornsalad,false,02/30/2023 22:30,false
457,801,489,Lindheimer's Globeberry,false,12/16/2023 21:08,true
458,156,743,Rattan's Monkeyflower,false,12/26/2023 22:52,false
459,615,777,Caribbean Spiderlily,false,12/22/2023 20:22,true
460,509,647,Showy Milkwort,true,08/05/2023 22:17,true
461,631,386,California Laurel,true,07/20/2023 20:00,true
462,322,12,Sessileflower False Goldenaster,false,01/06/2023 23:27,false
463,709,646,Pineland Snakeherb,false,10/26/2023 23:05,true
464,653,46,Coastline Bluegrass,true,01/26/2023 22:56,true
465,79,561,Swaying Bulrush,true,12/06/2023 22:54,false
466,835,947,Twistspine Pricklypear,true,08/22/2023 23:46,true
467,153,969,Sitka Willow,false,10/23/2023 22:54,true
468,861,361,Stewart's Gilia,true,03/15/2023 21:39,true
469,146,424,Peak Saxifrage,false,12/15/2023 23:50,true
470,90,927,European Stoneseed,false,04/07/2023 23:20,true
471,986,967,Spiderleaf,false,10/09/2023 21:30,false
472,229,102,Phymatosaurus,false,09/04/2023 23:04,true
473,972,257,Allen's Buttercup,false,10/14/2023 20:18,true
474,165,354,Spotted Beebalm,false,04/23/2023 21:53,true
475,801,228,Bird's-eye Gilia,false,03/09/2023 23:25,true
476,943,273,Corymb Rose,true,11/29/2023 22:47,true
477,99,876,Kirschsteiniothelia Lichen,false,08/30/2023 22:14,false
478,518,79,Sessileleaf Stopper,false,12/18/2023 21:20,false
479,720,231,Pacific Lecidea Lichen,false,10/01/2023 22:55,false
480,556,300,Beach Pinweed,true,06/24/2023 20:19,true
481,391,182,Tall Fringed Bluebells,true,10/07/2023 22:45,false
482,422,460,Small Bonny Bellflower,false,11/21/2023 23:37,false
483,860,235,Armeria,false,10/26/2023 21:50,false
484,174,441,Scented Blacktorch,true,09/12/2023 20:48,true
485,445,401,Michaux's Sedge,true,12/12/2023 20:37,true
486,967,397,Colorado Tansyaster,true,04/27/2023 22:09,true
487,61,384,Fall Dandelion,false,06/06/2023 20:57,true
488,430,371,California Cloak Fern,true,08/15/2023 21:41,false
489,969,990,Crab Apple,false,10/10/2023 22:23,false
490,235,493,Northern Linanthus,false,11/25/2023 22:21,false
491,463,517,Rinodina Lichen,true,10/22/2023 22:17,true
492,536,421,Turban Prickly Pear,false,12/17/2023 20:29,false
493,856,265,Northern Red Oak,false,12/30/2023 21:45,true
494,533,664,Wright's Spotted Felt Lichen,true,05/17/2023 23:38,true
495,904,667,Parry's Sedge,false,03/31/2023 20:56,false
496,179,208,Twolobe Passionflower,false,06/08/2023 23:56,false
497,370,691,Balsam Poplar,true,10/09/2023 20:06,false
498,135,772,Challis Milkvetch,true,03/13/2023 20:23,false
499,263,403,Caribbean Wingcup,true,02/30/2023 21:04,false
500,83,305,White Garland-lily,false,01/09/2023 23:07,false
501,906,258,Candelabra Wattle,true,09/09/2023 21:17,false
502,516,904,Jackbean,false,01/08/2023 23:32,true
503,601,7,Alaska Blue-eyed Grass,true,08/20/2023 23:16,true
504,552,429,Balsam-leaf Calycera,true,11/01/2023 22:10,false
505,486,783,Apache Pass Spiderling,false,02/14/2023 23:19,false
506,297,250,Caribbean Jug Orchid,false,12/03/2023 20:48,false
507,803,455,Buelliella Lichen,true,09/11/2023 20:47,false
508,953,500,Compact Earth Lichen,false,12/01/2023 20:11,false
509,164,133,Cinnamonspot Pondweed,true,03/24/2023 21:17,false
510,7,674,Climbing Wartclub,false,10/18/2023 20:59,false
511,231,14,Giant False Sensitive Plant,true,07/30/2023 22:29,false
512,443,355,Philbrick's Desertdandelion,false,07/29/2023 22:44,false
513,339,594,Desert Twinbugs,true,10/25/2023 21:26,true
514,244,60,Small-leaf Bittercress,false,12/30/2023 22:27,true
515,696,438,Kopiko 'ula,true,11/27/2023 22:09,false
516,888,266,Red Fescue,false,12/10/2023 21:04,true
517,423,337,Creeping Inchplant,false,08/18/2023 21:54,false
518,729,399,Texan Fumewort,false,05/18/2023 22:54,false
519,760,504,Inflated Grasswidow,true,11/18/2023 20:34,true
520,460,228,Orchardgrass,false,06/27/2023 20:27,true
521,996,75,Sierra Nakedwood,false,08/30/2023 21:49,true
522,524,747,Showy Phlox,true,12/22/2023 21:45,true
523,613,925,Bastard Briziletto,false,08/02/2023 21:00,true
524,418,406,Brush Cherry,false,01/29/2023 23:48,true
525,877,25,Bill Williams Mountain Giant Hyssop,true,05/12/2023 21:54,true
526,659,408,Mexican Skullcap,false,08/19/2023 21:46,false
527,234,841,Cupey De Monte,false,09/30/2023 23:34,true
528,855,162,Palmleaf Globemallow,false,05/12/2023 20:58,true
529,775,469,Guest Tree,true,12/31/2023 21:12,false
530,417,175,Sedgeleaf Buckbrush,false,11/25/2023 23:56,true
531,322,377,Eared Redstem,true,01/31/2023 21:46,true
532,121,592,Ceylon Hound's Tongue,false,12/14/2023 21:37,false
533,59,333,Junghuhn's Sphagnum,true,08/10/2023 20:00,true
534,699,628,Hairless Fleabane,true,07/29/2023 20:09,false
535,803,23,Pyrenopsis Lichen,false,10/07/2023 22:54,false
536,477,803,Threadleaf Ragwort,true,05/30/2023 21:25,true
537,483,847,Gorse,true,12/01/2023 21:50,false
538,684,879,Crabgrass,false,04/30/2023 22:36,false
539,945,375,Wallaby Grass,true,10/31/2023 23:59,true
540,646,746,Western Necklacepod,true,12/24/2023 23:28,true
541,830,778,Brenda's Yellow Cryptantha,true,09/03/2023 21:58,true
542,153,326,Golden Larch,false,01/07/2023 20:43,true
543,879,223,Roccella Lichen,true,07/10/2023 23:51,false
544,283,652,Vermont Blackberry,false,11/30/2023 21:05,false
545,461,782,Lapland Rosebay,false,08/26/2023 21:58,true
546,795,993,James' Sedge,true,01/30/2023 21:41,false
547,781,719,Leafy Brickellbush,false,02/09/2023 20:37,false
548,53,231,Fanshape Orchid,false,08/26/2023 21:57,false
549,237,423,Orcutt's Brodiaea,false,12/28/2023 20:44,false
550,982,449,Arrow Thelypody,false,12/30/2023 23:01,true
551,587,424,Longhorn Steer's-head,true,08/26/2023 20:15,true
552,66,755,Dudley's Swordfern,false,07/20/2023 21:35,true
553,732,395,Drummond's Campion,false,06/18/2023 22:40,true
554,819,842,Salmon River Beardtongue,true,12/08/2023 22:37,false
555,682,375,Lamarck's Bedstraw,true,12/15/2023 22:02,false
556,337,587,Phascum Moss,false,01/07/2023 23:24,true
557,344,996,Dwarf Ninebark,false,09/30/2023 21:52,false
558,724,417,California Goldenbanner,true,08/03/2023 22:33,true
559,600,240,Rusty Blackhaw,true,10/17/2023 20:37,false
560,848,875,Least Willow,true,11/22/2023 21:36,true
561,193,192,Wart Lichen,true,12/15/2023 20:40,false
562,210,861,Hawai'i Yellowwood,true,08/30/2023 22:43,true
563,685,952,False Pak Choi,false,11/31/2023 22:16,true
564,534,32,Torrey's Wrightwort,false,11/30/2023 22:46,true
565,55,807,Northern Bog Bedstraw,false,03/04/2023 21:42,false
566,649,357,Hypotrachyna Lichen,true,11/31/2023 23:52,true
567,589,229,Variegated-bract Blazingstar,true,12/09/2023 22:38,true
568,662,807,Queen Palm,true,04/31/2023 20:22,false
569,923,799,Sand Fiddleleaf,true,07/19/2023 23:39,false
570,817,436,European Dwarf Cherry,true,11/17/2023 22:10,true
571,673,635,Sphaerophysa,false,12/25/2023 21:43,false
572,439,411,Orthothecium Moss,true,10/15/2023 20:55,false
573,208,108,Jepson's Linanthus,true,11/06/2023 23:44,true
574,136,960,Apiastrum,false,08/31/2023 23:02,false
575,949,960,Smallflower Sandverbena,true,11/30/2023 21:10,false
576,850,282,Pincushion Grass,false,12/09/2023 20:15,true
577,896,858,Small Camas,false,07/26/2023 20:32,false
578,414,177,Lapland Rosebay,true,11/31/2023 20:00,false
579,185,73,Manchurian Crab Apple,true,11/20/2023 23:18,false
580,709,349,Rice-paper Plant,false,11/28/2023 20:09,true
581,489,340,Latin American Orchid,true,05/27/2023 23:47,false
582,433,518,Mung Bean,true,01/29/2023 22:29,true
583,933,205,Matojillo Bluestem,true,04/07/2023 20:37,false
584,592,607,Marysville Rinodina Lichen,true,12/02/2023 20:46,true
585,966,167,Hybrid Oak,false,10/14/2023 22:02,false
586,33,157,Dot Lichen,false,01/01/2023 20:43,false
587,176,233,Ulluco,true,01/07/2023 20:05,false
588,374,848,Blochman's Liveforever,false,07/10/2023 22:56,true
589,928,726,Grayleaf Draba,false,06/28/2023 21:28,false
590,429,198,Beard Lichen,true,10/02/2023 21:43,false
591,883,756,Dwarf Larkspur,false,11/16/2023 22:16,true
592,981,377,Longbeard Hawkweed,true,10/04/2023 22:23,true
593,169,961,Silver Bur Ragweed,true,09/04/2023 23:14,true
594,797,116,Woolly Groundsel,true,10/10/2023 22:04,false
595,840,872,Torrey's Sphagnum,true,09/09/2023 20:50,false
596,707,641,Doubleclaw,true,09/26/2023 22:57,false
597,910,986,Molokai False Lobelia,true,04/02/2023 21:40,false
598,815,352,Hardgrass,false,06/31/2023 21:35,false
599,371,379,Hybrid Rose,true,09/26/2023 23:15,false
600,374,416,Stalked Moonwort,true,09/28/2023 20:23,true
601,779,842,Florida Pimpernel,true,03/25/2023 20:25,false
602,857,374,Anderson's Buttercup,true,12/21/2023 21:40,true
603,206,821,Darwin's Berberis,true,12/22/2023 20:06,true
604,212,6,Kauai Cyanea,true,07/31/2023 23:33,false
605,648,96,Sweet Mountain Grape,true,10/17/2023 20:57,true
606,527,700,Desert Sand Verbena,true,05/30/2023 23:25,false
607,16,11,Yuba Pass Willowherb,true,02/30/2023 22:57,false
608,585,335,Socrates Mine Jewelflower,true,12/06/2023 20:11,false
609,981,404,Plitt's Xanthoparmelia Lichen,true,12/04/2023 23:47,true
610,294,987,Tick Trefoil,true,05/13/2023 20:46,true
611,817,606,Sickleleaf Tomentypnum Moss,false,11/13/2023 21:17,true
612,714,468,Orthotrichum Moss,false,11/06/2023 21:25,true
613,575,396,Orange Wall Lichen,true,12/06/2023 23:41,true
614,980,640,Woodland Muhly,true,02/12/2023 23:21,false
615,986,548,Octoblepharum Moss,true,11/31/2023 21:00,true
616,14,637,False Tamarind,false,05/03/2023 22:19,true
617,708,11,Hairy Bluestem,true,11/12/2023 20:25,false
618,713,348,Texas Sacahuista,false,12/08/2023 20:28,false
619,79,185,Japanese Cheesewood,false,04/14/2023 21:13,true
620,471,562,Tundra Aster,true,05/31/2023 21:44,false
621,414,476,Sinningia,false,02/30/2023 22:48,false
622,532,532,Kalm's Hawkweed,false,06/21/2023 22:06,true
623,164,489,Bartramia Moss,false,07/31/2023 22:51,true
624,353,40,Alpine Lake False Dandelion,false,06/31/2023 22:06,false
625,287,578,Littorella,false,05/31/2023 21:18,false
626,614,376,Yellow Nutsedge,true,12/31/2023 20:00,true
627,825,176,Hygrohypnum Moss,false,04/30/2023 21:11,true
628,37,483,Fir Clubmoss,true,09/29/2023 23:33,true
629,396,793,Summer Coralroot,true,02/31/2023 23:15,true
630,716,378,Minnieroot,false,10/10/2023 23:47,true
631,251,898,Largeleaf Phyllostegia,true,03/08/2023 22:40,false
632,499,636,Twistedstalk,true,11/20/2023 21:08,false
633,732,492,Rimmed Lichen,false,10/11/2023 20:31,false
634,534,458,Creeping Lovegrass,true,02/24/2023 22:17,true
635,574,901,Mountain Carpet Clover,true,10/31/2023 21:41,true
636,249,958,Bryocaulon Lichen,false,12/21/2023 23:13,false
637,623,58,Downy Arrowwood,false,03/13/2023 20:18,false
638,104,969,Buckley's Dropseed,false,04/13/2023 22:41,true
639,396,327,Desertbells,false,11/23/2023 20:59,false
640,811,172,Donner Lake Lupine,true,10/30/2023 23:31,true
641,403,941,Tsuga Szczawinskia Lichen,false,07/31/2023 22:06,true
642,634,317,Limewater Brookweed,true,05/16/2023 21:35,true
643,297,321,Vanilla,false,07/07/2023 22:40,false
644,281,758,Tripod Buckwheat,false,06/24/2023 22:51,false
645,210,148,Red Sandspurry,false,06/28/2023 20:00,false
646,477,378,Scarlet Lady's Tresses,true,04/07/2023 22:32,true
647,218,174,Shortawn Foxtail,false,12/08/2023 22:27,false
648,823,988,Feltleaf Willow,true,04/31/2023 23:42,false
649,25,561,False Pawpaw,false,11/31/2023 23:13,true
650,477,65,Waxy Mannagrass,false,01/10/2023 20:33,false
651,983,634,Yolla Bolly Bedstraw,false,01/14/2023 23:01,true
652,173,531,Elko Rockcress,true,09/07/2023 22:48,false
653,478,547,Curlytop Gumweed,false,08/16/2023 22:30,false
654,303,840,Teff,false,10/02/2023 23:30,false
655,638,205,Forkleaf Toothwort,true,11/18/2023 22:06,true
656,795,466,Longleaf Peppertree,true,09/04/2023 22:41,true
657,136,459,East Indian Bristlegrass,false,10/13/2023 20:30,false
658,800,258,Spreading Rush,false,11/04/2023 23:21,true
659,138,525,Mojave Indian Paintbrush,true,03/01/2023 20:45,false
660,817,625,Arctic Seashore Willow,true,10/31/2023 23:22,false
661,320,703,Obliqueleaf Trumpets,true,12/30/2023 22:37,true
662,210,822,White Mullein,true,01/20/2023 22:15,false
663,202,228,Bullwood,false,08/19/2023 20:30,true
664,424,321,Molokai Flatsedge,false,11/31/2023 21:29,false
665,370,731,California Loosestrife,true,10/09/2023 22:59,false
666,576,943,Gopher Apple,true,07/04/2023 22:46,false
667,423,79,Heermann's Buckwheat,false,03/30/2023 23:05,true
668,370,416,Baby Blue Eyes,true,10/03/2023 22:20,true
669,121,708,Peninsular Manzanita,true,12/31/2023 22:13,true
670,53,173,Hybrid Oak,false,12/09/2023 20:57,true
671,373,63,Threadleaf Phlox,true,03/31/2023 23:45,false
672,809,499,Panamint Liveforever,true,12/11/2023 23:25,true
673,136,640,Poverty Oatgrass,false,12/25/2023 21:26,false
674,212,95,Carson Valley Monkeyflower,false,01/28/2023 22:14,true
675,970,969,Cusick's Primrose,true,12/30/2023 23:49,false
676,567,114,Rio Grande Vervain,true,09/24/2023 20:47,true
677,74,378,Menteng,false,01/03/2023 23:35,false
678,1,105,Butterweed,false,05/30/2023 20:25,true
679,317,312,Dogfennel,false,09/30/2023 21:00,false
680,536,235,Cimarron Buckwheat,false,12/03/2023 21:43,true
681,737,464,Whorled Lousewort,true,12/01/2023 23:40,true
682,265,210,Red Haw,false,11/19/2023 23:12,false
683,643,240,Velvet Tobacco,true,08/11/2023 21:57,false
684,758,939,Lopsided Rush,false,12/10/2023 21:49,false
685,834,756,Brown Widelip Orchid,false,09/31/2023 22:46,true
686,746,938,Krug's Roughleaf,true,07/19/2023 20:49,false
687,313,243,Mojave Milkvetch,true,12/31/2023 23:46,false
688,606,437,Hooker Bugseed,true,09/31/2023 21:26,false
689,68,801,Weak-nerved Sedge,false,12/31/2023 23:28,true
690,254,869,West Indian Nightshade,false,10/14/2023 21:57,false
691,582,65,Cusick's Milkvetch,true,10/22/2023 22:04,false
692,161,946,Serbian Bellflower,true,03/23/2023 22:25,false
693,209,997,Utah Fleabane,true,09/31/2023 21:42,true
694,769,110,Erect Spiderling,true,12/10/2023 20:45,false
695,956,234,Clubmoss,false,03/30/2023 21:56,true
696,272,588,Washerwoman,false,12/29/2023 21:55,false
697,384,158,Short Bluegrass,false,11/06/2023 20:04,false
698,828,798,Soft Thistle,false,12/31/2023 21:08,true
699,489,470,Small-leaf Pussytoes,false,11/24/2023 21:19,false
700,138,11,Gidgee,true,12/20/2023 23:39,true
701,274,396,Spike Fescue,true,08/02/2023 23:07,false
702,527,693,Fremont's Dalea,true,07/12/2023 23:35,true
703,521,487,Northern Water-starwort,false,11/06/2023 22:17,true
704,554,810,Florida Strangler Fig,true,10/14/2023 22:06,true
705,967,340,Red Hills Vervain,false,08/04/2023 21:33,true
706,553,619,Scheer's Beehive Cactus,true,03/09/2023 23:27,false
707,715,746,Rape,true,04/05/2023 20:04,false
708,962,818,Purple Locoweed,false,06/10/2023 20:41,true
709,701,57,Tracy's Clarkia,false,10/24/2023 20:16,true
710,432,914,Eastern Hemlockparsley,true,10/02/2023 22:04,true
711,349,10,Goldback Fern,false,12/25/2023 20:41,false
712,126,226,Devil's Beggartick,true,11/15/2023 20:39,false
713,478,558,Delicious Raspberry,false,11/03/2023 21:41,true
714,600,454,Redpod Stonecrop,false,03/10/2023 21:23,false
715,368,854,Thinleaf Creepingfern,false,02/21/2023 23:17,true
716,999,125,Pineland Pinweed,false,02/15/2023 23:48,false
717,904,734,Ladies' False Fleabane,false,01/09/2023 20:10,false
718,590,927,Dudley's Swordfern,false,03/17/2023 22:12,true
719,134,466,Bolander's Rinodina Lichen,false,11/12/2023 23:25,true
720,21,522,California Shieldpod,true,12/07/2023 23:41,false
721,104,527,Ponderosa Pine,false,02/01/2023 23:44,false
722,456,156,Roseling,false,09/17/2023 20:59,false
723,611,519,Chiricahua Mountain Stinkweed,false,12/13/2023 20:27,true
724,18,64,African Morningvine,true,01/30/2023 23:38,true
725,737,357,Night Scented Orchid,false,05/17/2023 23:40,true
726,11,2,Warnock's Snakewood,true,10/22/2023 21:49,true
727,261,652,Arizona Barley,false,07/15/2023 22:49,true
728,973,89,Stenosiphon,true,11/18/2023 22:33,true
729,988,981,Clokey's Fleabane,false,09/30/2023 20:20,true
730,81,508,Gypsum-lovingtownsend Daisy,true,01/30/2023 21:21,true
731,348,362,Twoflower Melicgrass,false,11/31/2023 20:39,false
732,823,871,Duncan's Foxtail Cactus,false,11/15/2023 21:57,true
733,83,563,Tulip,true,11/07/2023 20:29,true
734,896,696,Antilles Spleenwort,false,11/31/2023 20:13,true
735,834,826,Leptohymenium Moss,true,08/30/2023 20:41,false
736,340,105,Crossidium Moss,false,12/30/2023 20:43,false
737,309,520,Mckelvey's Century Plant,true,06/31/2023 22:17,false
738,209,583,Grizzlybear Pricklypear,true,02/04/2023 23:53,false
739,203,578,Spreading Rockcress,true,12/03/2023 20:05,false
740,691,808,Dactylina Lichen,false,11/31/2023 22:38,false
741,870,841,Tripterocladium Moss,true,10/14/2023 22:13,false
742,58,418,Rocky Mountain Willowherb,true,03/26/2023 22:29,false
743,634,501,Parish Wheatgrass,false,01/30/2023 20:23,false
744,989,429,Gina's Phacelia,true,09/05/2023 22:43,true
745,358,450,Hester's Foxtail Cactus,true,04/18/2023 22:08,false
746,981,625,Piedmont Pinweed,false,12/14/2023 23:50,true
747,726,653,Manatee Beaksedge,false,08/01/2023 22:27,true
748,781,920,Chalk Hill Hymenopappus,false,12/27/2023 20:23,false
749,341,698,Ottley's Bird's-foot Trefoil,false,03/19/2023 20:36,false
750,329,87,Bird-of-paradise,true,09/04/2023 23:17,true
751,161,357,Twining Screwstem,true,08/20/2023 23:54,true
752,832,118,Marubio Oscuro,true,11/01/2023 21:51,true
753,778,639,Straightbeak Buttercup,false,04/31/2023 23:19,true
754,974,158,Applegate's Milkvetch,true,03/31/2023 20:20,true
755,41,830,Pinebush,true,11/03/2023 20:18,true
756,448,408,Teabush,true,01/21/2023 21:12,true
757,150,956,Parodia,true,12/24/2023 23:12,true
758,49,155,Bogrush,false,08/25/2023 22:40,true
759,865,339,Spreading Bedstraw,true,10/09/2023 22:48,true
760,167,854,Arkansas Leastdaisy,false,02/31/2023 20:49,true
761,734,631,Thistle Cholla,false,09/30/2023 23:17,true
762,357,113,Bothriospermum,false,04/30/2023 21:06,true
763,141,794,Yellowcress,true,11/15/2023 20:11,true
764,392,475,Milkwort Knotweed,false,10/31/2023 20:56,false
765,955,765,Burahol,false,10/15/2023 23:17,false
766,402,355,Wild Comfrey,true,08/30/2023 22:16,true
767,192,882,Sentry Milkvetch,false,12/30/2023 23:30,false
768,341,707,Veronicastrum,true,10/24/2023 23:18,true
769,702,55,Rockspirea,true,01/08/2023 22:15,false
770,847,962,Talus Springparsley,true,10/26/2023 22:17,false
771,138,255,Catchfly Prairie Gentian,false,09/14/2023 21:21,false
772,127,157,Desert Palafox,true,01/16/2023 22:40,false
773,888,403,Coastal Indigo,false,12/01/2023 23:45,false
774,987,494,Annual Seepweed,true,12/26/2023 23:03,false
775,351,948,Obliqueleaf Trumpets,true,01/17/2023 23:44,true
776,873,648,Hooded Coralroot,true,01/29/2023 23:11,true
777,537,511,Vavilov's Clover,false,07/31/2023 20:26,true
778,443,393,False Ohelo,true,07/14/2023 21:19,false
779,390,475,Bearded Popcornflower,false,01/30/2023 21:54,true
780,852,891,Polycoccum Lichen,false,01/05/2023 21:18,false
781,710,560,Whitemargin Knotweed,true,11/30/2023 21:42,false
782,25,834,Spiny Menodora,false,09/07/2023 21:48,false
783,692,575,Laurel-leaf Swordfern,false,12/16/2023 22:49,true
784,497,401,Robust Starwort,false,10/16/2023 21:37,false
785,478,640,Tree Spilonema Lichen,false,01/14/2023 21:34,false
786,221,778,Fragrant Dracaena,false,10/13/2023 23:44,false
787,747,80,Maxipiñon,true,11/31/2023 23:59,false
788,792,178,Citrus,true,09/30/2023 23:03,true
789,184,345,Jacob's-ladder,false,03/15/2023 23:29,true
790,25,211,Schweinitz's Sunflower,false,09/30/2023 20:30,true
791,930,177,Bruneau Mariposa Lily,false,12/18/2023 23:31,true
792,478,749,Bastard Mulga,true,10/08/2023 23:19,true
793,47,875,Silver Sagebrush,false,12/30/2023 22:36,true
794,628,505,Hilo Murainagrass,true,08/23/2023 20:53,true
795,442,555,Brazilian Waterhyssop,true,05/30/2023 22:56,false
796,494,218,Xanthocephalum,true,11/02/2023 21:05,true
797,895,240,Canyon Spiderwort,false,11/11/2023 20:10,true
798,183,480,Chinese Violet,false,10/31/2023 21:04,true
799,107,972,Woodrush Sedge,true,10/30/2023 22:40,true
800,838,932,Purple Tiger Orchid,true,11/30/2023 21:39,false
801,903,326,Spike Bentgrass,false,12/03/2023 21:12,true
802,757,498,Luquillo Mountain Holly,false,12/31/2023 23:37,false
803,875,9,Professor-weed,true,10/14/2023 22:42,true
804,174,993,Pygmy Waterlily,false,05/28/2023 22:44,false
805,930,669,Barbwire Grass,true,08/26/2023 20:39,false
806,862,907,Stinking Milkvetch,true,11/26/2023 23:19,false
807,422,110,Glaucous Bluegrass,false,11/08/2023 23:51,true
808,447,139,Teabush,false,11/08/2023 22:32,false
809,726,130,Winged Plumeless Thistle,true,12/30/2023 23:43,true
810,500,635,Ternate Grapefern,false,01/31/2023 22:23,false
811,156,797,Stern's Medlar,true,02/31/2023 20:38,false
812,782,597,California Hazelnut,false,10/27/2023 21:46,true
813,374,490,Seep Monkeyflower,false,12/26/2023 21:38,false
814,946,257,Lapland Rosebay,true,09/02/2023 21:12,true
815,19,501,Island False Bindweed,true,10/07/2023 21:54,true
816,575,786,Macdougal's Indian Parsley,false,10/23/2023 23:25,true
817,699,930,Obsolete Wart Lichen,true,09/30/2023 22:43,true
818,229,1001,Mouse-ear Chickweed,false,12/22/2023 20:45,true
819,364,853,Appalachian Rhizomnium Moss,false,02/25/2023 21:35,false
820,751,229,Bessey's Locoweed,true,12/20/2023 23:41,false
821,828,230,Wilkins' Bellflower,true,10/15/2023 20:34,false
822,736,170,Sheep Laurel,false,08/22/2023 21:58,true
823,812,85,La Purissima Manzanita,true,12/31/2023 23:02,true
824,156,136,Droopflower Clover,false,01/15/2023 20:15,true
825,803,302,Marsh Elder,false,05/15/2023 21:32,false
826,299,89,Hornemann's Willowherb,true,10/14/2023 20:31,false
827,575,678,Orange Lichen,false,04/21/2023 20:21,false
828,879,594,Rollins' Biscuitroot,true,12/27/2023 21:46,true
829,381,747,Carolina Puccoon,false,11/27/2023 23:05,true
830,882,462,Haplophyton,false,12/21/2023 21:33,false
831,342,154,Winged Sumac,false,04/24/2023 22:46,true
832,85,131,Stout Rush,true,10/29/2023 21:48,true
833,744,512,Redstem Stork's Bill,false,08/27/2023 22:16,true
834,835,268,Hudson Bay Sedge,true,01/07/2023 22:09,true
835,735,585,Palapalai,true,12/16/2023 22:56,true
836,97,182,Duskyseed Sedge,false,03/04/2023 21:11,true
837,946,385,Speckled Clarkia,true,05/31/2023 23:28,false
838,791,832,Corcho Bobo,true,09/24/2023 23:44,false
839,46,831,Greenvein Lady's Tresses,true,11/01/2023 23:47,false
840,61,195,Blood-flower,false,08/09/2023 22:31,true
841,651,375,Bigleaf Clover,false,11/29/2023 22:01,true
842,726,903,Green Carpetweed,true,10/12/2023 21:13,false
843,505,254,Boxleaf Stopper,false,12/31/2023 23:53,true
844,542,328,White Garland-lily,false,12/18/2023 23:49,true
845,94,281,Dwarf Bundleflower,false,02/15/2023 21:52,true
846,820,587,Tall Brake,true,12/06/2023 23:48,true
847,420,460,Greene's Milkvetch,false,11/28/2023 20:36,false
848,339,227,Roughseed Cryptantha,true,11/16/2023 20:35,true
849,269,190,Egg Milkvetch,true,12/03/2023 22:32,true
850,670,184,Irisleaf Rush,true,10/16/2023 20:15,false
851,214,901,Zion False Goldenaster,false,12/08/2023 21:50,false
852,944,792,Autumn Bluegrass,false,12/30/2023 22:18,false
853,642,751,Trailing Crabgrass,false,02/25/2023 23:38,false
854,592,428,Protoparmelia Lichen,false,03/08/2023 20:48,true
855,834,909,Gyroweisia Moss,false,03/30/2023 21:46,true
856,613,769,Spring-gold,false,05/12/2023 21:36,true
857,383,892,Oak,false,10/19/2023 23:40,true
858,736,721,Acton's Brittlebush,false,11/06/2023 21:13,true
859,931,614,Bicolored Spleenwort,true,02/28/2023 20:17,false
860,360,511,Pine Hyacinth,false,08/31/2023 23:01,true
861,841,521,Pineywoods Geranium,true,07/15/2023 20:19,false
862,24,39,Fragile Midsorus Fern,true,03/24/2023 21:46,true
863,923,37,Lanceleaf Grapefern,false,10/01/2023 21:28,false
864,390,955,Lindheimer's Bladderpod,false,06/03/2023 23:09,false
865,489,632,Lyall's Angelica,true,08/01/2023 22:24,true
866,512,948,Sprawling Dewberry,false,09/17/2023 20:23,false
867,297,482,Entodontopsis Moss,false,10/07/2023 22:59,false
868,955,847,Riverbank Creepingoxeye,false,10/04/2023 23:57,false
869,450,992,Nevada Bird's-foot Trefoil,false,04/31/2023 21:06,false
870,640,383,Goosefoot Violet,true,12/21/2023 22:31,true
871,205,983,Lindheimer's Ticktrefoil,false,09/31/2023 21:21,false
872,124,166,Island Cyrtandra,false,07/30/2023 22:59,false
873,928,610,Ceanothus,false,01/06/2023 23:53,true
874,865,575,Maryland Senna,false,06/06/2023 22:26,true
875,465,602,Engelmann's Hedgehog Cactus,true,07/08/2023 20:15,false
876,674,880,American Sloughgrass,false,05/26/2023 23:39,false
877,217,625,Emory's Rockdaisy,false,11/30/2023 20:13,false
878,68,835,Brazosmint,true,06/31/2023 20:24,false
879,360,930,French Plantain,true,01/31/2023 20:40,false
880,10,285,Latticevein Fern,true,02/07/2023 23:19,true
881,881,868,Greek Valerian,true,12/16/2023 20:31,false
882,84,860,Oriental Poppy,true,04/19/2023 23:13,true
883,311,459,Purple Cyanea,true,05/24/2023 21:10,true
884,881,972,Oracle Oak,false,07/07/2023 22:39,false
885,998,146,Riverbank Vervain,true,12/31/2023 23:04,false
886,35,876,Western Catchfly,false,11/17/2023 20:49,false
887,386,790,Fewseed Draba,false,04/23/2023 20:31,true
888,773,923,Curveleaf Hypnum Moss,false,07/12/2023 23:52,true
889,381,972,Palegreen Orchid,false,10/30/2023 23:04,true
890,454,663,Lewis' Clarkia,false,03/31/2023 21:39,false
891,16,567,Cup Lichen,false,02/23/2023 22:37,false
892,981,48,Glandleaf Milkwort,false,05/31/2023 21:18,false
893,649,921,Great Plains Flatsedge,false,08/30/2023 22:29,false
894,341,732,Malme's Ramonia,false,12/17/2023 20:15,true
895,597,843,Graphina Lichen,true,10/16/2023 23:57,false
896,186,418,Perrottetia,true,12/02/2023 22:34,false
897,318,145,Burdock Clover,false,10/09/2023 20:23,false
898,690,525,Globe Beaksedge,true,11/26/2023 20:11,true
899,68,961,Keeled Bulrush,true,11/30/2023 20:27,false
900,610,886,Gophertail Lovegrass,false,04/10/2023 23:24,false
901,280,382,Spoonleaf Cyrtandra,true,12/04/2023 22:11,true
902,725,523,Burnet Ragwort,false,10/20/2023 22:00,true
903,518,311,Yellowtuft,false,12/20/2023 23:40,true
904,480,47,Smooth Draba,false,03/30/2023 20:46,true
905,351,216,Featherleaf Springparsley,false,11/30/2023 23:05,false
906,771,191,Willdenow's Sedge,false,12/23/2023 21:55,true
907,155,356,Maritime Ceanothus,true,12/11/2023 21:29,true
908,178,455,Threadleaf Fleabane,true,12/31/2023 22:43,true
909,789,267,Curvepod Yellowcress,true,04/26/2023 23:06,false
910,805,696,Pennsylvania Smartweed,false,01/01/2023 22:50,false
911,747,699,Broussaisia,true,06/07/2023 21:47,false
912,411,987,Knieskern's Hawthorn,true,12/07/2023 20:50,true
913,438,180,Achotillo,true,09/19/2023 20:27,false
914,979,221,Twisselmann's Buckwheat,true,02/19/2023 20:06,false
915,91,559,Gulf Graytwig,false,03/13/2023 22:34,true
916,464,173,Bergamot Orange,false,06/30/2023 22:28,false
917,184,299,Stringleaf Clubmoss,true,10/31/2023 22:45,false
918,906,850,Antilles Filmy Fern,true,08/05/2023 23:52,true
919,929,369,Sterculia,false,04/25/2023 21:43,true
920,284,407,Curvedleaf Ulota Moss,true,02/03/2023 21:43,false
921,453,625,Smallhead Cat's Ear,true,03/08/2023 21:13,false
922,412,456,Cutler's Jewelflower,true,11/04/2023 21:17,true
923,280,962,Deviltree,false,02/30/2023 20:02,false
924,488,373,Jelly Lichen,true,11/31/2023 23:17,false
925,945,820,Royal Spleenwort,false,04/07/2023 21:45,false
926,715,938,Damask Rose,true,12/10/2023 20:11,true
927,800,337,Timmiella Moss,true,10/15/2023 20:56,false
928,427,720,Chinese Hawthorn,false,11/30/2023 23:07,true
929,35,792,Allegheny-spurge,false,02/14/2023 21:46,false
930,22,520,Common Butterwort,false,01/16/2023 20:32,false
931,784,825,Devil's Bite,true,08/16/2023 22:12,true
932,950,509,Glandular Clover,false,11/13/2023 21:04,false
933,61,127,Turkey Oak,true,12/31/2023 22:00,false
934,306,781,Platydesma,true,01/28/2023 21:29,true
935,961,765,Thickspike Wheatgrass,true,08/17/2023 20:14,true
936,782,487,Germander Beardtongue,true,01/05/2023 23:47,false
937,383,267,Witchhazel,true,10/20/2023 23:14,false
938,954,907,Hawai'i Stingingnettle,true,12/30/2023 22:08,false
939,50,18,Smallflower Lilythorn,false,11/15/2023 23:30,false
940,697,187,Montara Manzanita,true,06/30/2023 23:26,false
941,127,270,Bog Cyrtandra,false,09/30/2023 20:22,false
942,242,365,Wildrye,false,11/16/2023 21:02,true
943,289,944,Mountain Meadow-rue,true,11/22/2023 21:38,false
944,710,506,Weeping Fingergrass,false,06/09/2023 23:30,true
945,423,678,Kurile Larch,true,11/04/2023 22:06,false
946,60,898,Map Lichen,true,11/22/2023 23:29,false
947,18,206,Marsh Mermaidweed,true,12/27/2023 22:50,false
948,935,522,Oahu Sedge,true,12/30/2023 23:38,false
949,549,563,Birch,true,07/30/2023 22:37,false
950,792,326,Desert Combleaf,true,11/14/2023 22:21,true
951,346,85,European Mountain Ash,true,11/31/2023 23:22,true
952,38,989,Sweet Mountain Grape,false,11/01/2023 22:43,false
953,85,54,California Black Oak,false,11/22/2023 21:02,true
954,810,932,Sand Leek,false,01/30/2023 21:03,false
955,244,492,Border Horkelia,true,07/23/2023 22:21,false
956,134,493,Hybrid Floatingheart,false,05/15/2023 22:19,true
957,181,616,Desert Aspicilia,false,03/31/2023 22:48,true
958,654,691,Tortula Moss,true,10/31/2023 21:12,false
959,469,214,White Arctic Mountain Heather,true,12/03/2023 22:11,false
960,561,372,Ionopsidium,false,12/15/2023 20:55,false
961,248,620,Panicled False Indigo,true,01/09/2023 23:36,true
962,414,779,Hybrid Ladyslipper,true,11/13/2023 22:36,true
963,921,159,Graphina Lichen,true,03/29/2023 21:14,true
964,952,500,Protoparmelia Lichen,true,05/11/2023 20:15,false
965,933,524,Jacobi's Schiedea,true,11/17/2023 20:54,true
966,462,79,Nodding Wakerobin,false,09/30/2023 21:02,false
967,623,793,Depauperate Fleabane,true,12/21/2023 23:36,true
968,808,441,Coulter's Saltbush,false,07/21/2023 20:22,false
969,61,697,Pylaisiadelpha Moss,false,11/09/2023 21:04,true
970,724,396,Orcutt's Foxtail Cactus,false,11/30/2023 21:22,true
971,649,459,Rinodina Lichen,true,10/30/2023 20:46,false
972,230,409,Pinewoods Cryptantha,true,11/30/2023 23:12,false
973,688,585,Georgia Frostweed,false,11/02/2023 22:21,true
974,700,181,Broom Silverbush,true,12/01/2023 21:57,false
975,988,162,Slimleaf Bur Ragweed,true,06/24/2023 23:26,false
976,350,167,Colorado Butterfly Plant,false,11/11/2023 20:45,true
977,513,868,Ewan's Larkspur,false,06/05/2023 21:48,true
978,906,921,Sculptured Popcornflower,false,07/31/2023 23:29,true
979,847,739,King's Clover,false,12/17/2023 22:30,false
980,865,692,Greene's Liveforever,false,02/31/2023 23:44,false
981,918,549,Lollipop Mimosa,true,10/27/2023 20:16,true
982,86,478,Agonimia Lichen,false,10/10/2023 20:22,false
983,987,609,California Buckthorn,true,03/13/2023 22:52,false
984,72,702,Mauritia,false,12/09/2023 21:26,false
985,970,410,Wart Lichen,true,12/01/2023 21:19,true
986,822,978,Oregano,false,12/31/2023 20:51,false
987,785,992,Calistoga Popcornflower,true,10/29/2023 22:35,false
988,540,604,Necker's Thamnobryum Moss,false,12/09/2023 20:08,true
989,986,295,Muhlenberg's Sedge,false,02/31/2023 22:48,true
990,710,219,Manyhead Rush,false,11/22/2023 20:49,false
991,37,317,Heermann's Bird's-foot Trefoil,false,02/14/2023 23:38,true
992,676,940,Patterson's Bluegrass,false,11/30/2023 22:22,false
993,740,625,Dwarf Birch,true,03/22/2023 20:00,false
994,14,982,Utah Small Camas,false,05/29/2023 20:53,false
995,289,531,Muir's Fleabane,false,09/13/2023 21:44,false
996,224,39,Hayfield Tarweed,false,07/31/2023 23:30,false
997,154,325,Maui Woodfern,false,11/21/2023 21:20,true
998,33,718,Feathery False Lily Of The Valley,false,12/30/2023 20:38,false
999,987,535,Night Jessamine,true,01/31/2023 22:38,true
1000,420,662,Lapland Sedge,false,02/26/2023 23:37,false
